{
    "uptime_seconds": 604.1425464789991,
    "counters": {
        "messages.received": 1425,
        "validation.telemetry.success": 1376,
        "messages.telemetry": 1376,
        "ml.scored": 1376,
        "readings.stored": 1376,
        "ml.anomalies": 104,
        "events.warning": 9,
        "events.type.ml_anomaly": 9,
        "validation.status.success": 49,
        "messages.status": 49,
        "events.critical": 10,
        "events.type.device_failure": 10,
        "devices.offline_detected": 10
    },
    "latencies": {
        "ml_inference": {
            "count": 1376.0,
            "avg_ms": 11.84587501086695,
            "p50_ms": 11.637383999186568,
            "p95_ms": 13.429038999674958,
            "p99_ms": 16.278373999739415
        },
        "telemetry": {
            "count": 1376.0,
            "avg_ms": 19.300358651172022,
            "p50_ms": 19.046613000682555,
            "p95_ms": 21.50554999934684,
            "p99_ms": 24.977031000162242
        },
        "status": {
            "count": 49.0,
            "avg_ms": 5.57353508171515,
            "p50_ms": 5.434333999801311,
            "p95_ms": 6.581505000212928,
            "p99_ms": 7.122374001482967
        }
    }
}
