{
    "uptime_seconds": 604.8321389060002,
    "counters": {
        "messages.received": 1425,
        "validation.telemetry.success": 1379,
        "messages.telemetry": 1379,
        "readings.stored": 1379,
        "ml.batches": 1256,
        "ml.scored": 1379,
        "ml.anomalies": 93,
        "events.warning": 6,
        "events.type.ml_anomaly": 6,
        "validation.status.success": 46,
        "messages.status": 46,
        "events.critical": 10,
        "events.type.device_failure": 10,
        "devices.offline_detected": 10
    },
    "latencies": {
        "telemetry": {
            "count": 1379.0,
            "avg_ms": 6.354116735316541,
            "p50_ms": 6.243523000193818,
            "p95_ms": 7.639567000296665,
            "p99_ms": 10.351906000323652
        },
        "ml_inference": {
            "count": 1379.0,
            "avg_ms": 10.421058217557821,
            "p50_ms": 11.015741999472084,
            "p95_ms": 13.111838999975589,
            "p99_ms": 15.628539999852364
        },
        "ml_queue": {
            "count": 1379.0,
            "avg_ms": 48.74794993980703,
            "p50_ms": 50.816119000046456,
            "p95_ms": 51.73567499969067,
            "p99_ms": 54.96553699958895
        },
        "status": {
            "count": 46.0,
            "avg_ms": 5.7202745652316285,
            "p50_ms": 5.189529999370279,
            "p95_ms": 7.621533000019554,
            "p99_ms": 9.47056800032442
        }
    }
}
