{
    "uptime_seconds": 607.7964770979997,
    "counters": {
        "messages.received": 1427,
        "validation.telemetry.success": 1378,
        "messages.telemetry": 1378,
        "events.critical": 1312,
        "events.type.overload": 1302,
        "readings.stored": 1378,
        "ml.batches": 1268,
        "ml.scored": 1378,
        "cloud.escalation_candidates": 1378,
        "ml.anomalies": 633,
        "events.warning": 398,
        "events.type.ml_anomaly": 10,
        "cloud.batches": 398,
        "cloud.forwarded": 1378,
        "cloud.bytes_sent": 452381,
        "events.type.power_spike": 344,
        "validation.status.success": 49,
        "messages.status": 49,
        "events.type.under_voltage": 30,
        "events.info": 30,
        "events.type.voltage_anomaly": 30,
        "events.type.device_failure": 10,
        "devices.offline_detected": 10,
        "events.type.over_voltage": 14
    },
    "latencies": {
        "telemetry": {
            "count": 1378.0,
            "avg_ms": 7.080390338895466,
            "p50_ms": 6.858129001557245,
            "p95_ms": 8.542739000404254,
            "p99_ms": 18.003015000431333
        },
        "ml_inference": {
            "count": 1378.0,
            "avg_ms": 10.60266307619498,
            "p50_ms": 11.327083000651328,
            "p95_ms": 12.554180999359232,
            "p99_ms": 13.798821000818862
        },
        "ml_queue": {
            "count": 1378.0,
            "avg_ms": 49.00994462121621,
            "p50_ms": 50.849776998802554,
            "p95_ms": 51.71780199998466,
            "p99_ms": 55.13982500087877
        },
        "cloud_forward": {
            "count": 398.0,
            "avg_ms": 2.244134248775568,
            "p50_ms": 2.068481999231153,
            "p95_ms": 2.56338799954392,
            "p99_ms": 7.520436000049813
        },
        "status": {
            "count": 49.0,
            "avg_ms": 5.431531367414246,
            "p50_ms": 5.3870439987804275,
            "p95_ms": 6.299593000221648,
            "p99_ms": 6.749762998879305
        }
    }
}
