{
    "uptime_seconds": 604.3517219300002,
    "counters": {
        "messages.received": 1421,
        "validation.telemetry.success": 1376,
        "messages.telemetry": 1376,
        "readings.stored": 1376,
        "ml.batches": 1268,
        "ml.scored": 1376,
        "ml.anomalies": 88,
        "events.warning": 479,
        "events.type.ml_anomaly": 5,
        "events.type.power_spike": 428,
        "validation.status.success": 45,
        "messages.status": 45,
        "events.type.under_voltage": 30,
        "events.info": 30,
        "events.type.voltage_anomaly": 30,
        "events.critical": 32,
        "events.type.device_failure": 10,
        "devices.offline_detected": 10,
        "events.type.over_voltage": 16,
        "events.type.overload": 22
    },
    "latencies": {
        "telemetry": {
            "count": 1376.0,
            "avg_ms": 6.647214239104563,
            "p50_ms": 6.470147999607434,
            "p95_ms": 8.170737000000372,
            "p99_ms": 9.961406000002171
        },
        "ml_inference": {
            "count": 1376.0,
            "avg_ms": 10.414358547963893,
            "p50_ms": 11.051186999793572,
            "p95_ms": 12.61456099928182,
            "p99_ms": 13.817026000651822
        },
        "ml_queue": {
            "count": 1376.0,
            "avg_ms": 49.02371517877932,
            "p50_ms": 50.916504000269924,
            "p95_ms": 51.71416800021689,
            "p99_ms": 54.87195499972586
        },
        "status": {
            "count": 45.0,
            "avg_ms": 5.466962644317795,
            "p50_ms": 5.307345999426616,
            "p95_ms": 6.73917799940682,
            "p99_ms": 7.533144000262837
        }
    }
}
