{
    "uptime_seconds": 604.5394438529984,
    "counters": {
        "messages.received": 1428,
        "validation.telemetry.success": 1375,
        "messages.telemetry": 1375,
        "ml.scored": 1375,
        "readings.stored": 1375,
        "events.critical": 228,
        "events.type.overload": 218,
        "validation.status.success": 53,
        "messages.status": 53,
        "events.warning": 439,
        "events.type.power_spike": 387,
        "ml.anomalies": 94,
        "events.type.under_voltage": 30,
        "events.info": 30,
        "events.type.voltage_anomaly": 30,
        "events.type.ml_anomaly": 7,
        "events.type.device_failure": 10,
        "devices.offline_detected": 10,
        "events.type.over_voltage": 15
    },
    "latencies": {
        "ml_inference": {
            "count": 1375.0,
            "avg_ms": 11.901847354891784,
            "p50_ms": 11.684552999213338,
            "p95_ms": 13.239054000223405,
            "p99_ms": 16.50323800095066
        },
        "telemetry": {
            "count": 1375.0,
            "avg_ms": 19.626761826178566,
            "p50_ms": 19.406680001338827,
            "p95_ms": 21.974845998556702,
            "p99_ms": 24.834189000102924
        },
        "status": {
            "count": 53.0,
            "avg_ms": 5.488127622537025,
            "p50_ms": 5.430157998489449,
            "p95_ms": 6.451276000007056,
            "p99_ms": 6.654021000940702
        }
    }
}
